HEFA_concentration,Viscosity_TALL,Viscosity_CAME,Viscosity_MFAT,Density_TALL,Density_CAME,Density_MFAT
wt percentage,mm2/s at -20 C,mm2/s at -20 C,mm2/s at -20 C,g/cm3 at 15 C,g/cm3 at 15 C,g/cm3 at 15 C
0,3.781578947,3.781578947,3.781578947,0.8057,0.8057,0.8057
10,3.889473684,3.884210526,3.947368421,0.8009,0.8012,0.8007
20,3.963157895,3.989473684,4.097368421,0.7961,0.7966,0.7966
30,4.05,4.118421053,4.247368421,0.7904,0.7922,0.7924
40,4.165789474,4.226315789,4.431578947,0.7861,0.7874,0.7877
50,4.276315789,4.365789474,4.581578947,0.7814,0.7828,0.7834
60,4.394736842,4.513157895,4.781578947,0.7769,0.7783,0.779
100,4.973684211,5.2,5.618421053,0.7573,0.7598,0.7612