Temperature,Density,VaporPressure,Viscosity,SurfaceTension
C,g/cm^3,kPa,mm^2/s,N/m
-40,0.822975,,6.6,
-20,0.8086,,3.5,
-10,,,,0.025842439
0,0.794225,0.04835033,,
20,0.77985,0.628554285,,0.023836238
40,0.765283333,1.402159558,1.14,0.022833667
60,,3.432873401,,
80,,7.397600428,,
100,,14.60179954,0.61,
120,,26.59268128,,